CHR,MAPINFO,Ours,IlmnID,pvals
7,5270512,0.191995295220667,cg21585409,1.05357009594958e-06
7,5270553,0.18090302017087,cg21764632,1.25316171828741e-07
7,5270567,0.181230876832303,cg02667577,0.0006236044000633
7,5270928,0.188087852670183,cg04153882,5.18770453080716e-06
7,5270984,0.203449710257887,cg02665297,2.96224397153333e-11
7,5271480,0.10880518090526,cg26660312,0.0023259822036882
