IlmnID,CHR,MAPINFO,loc-offset,Normal average,Cancer average,P-value,-log(P),Weight
cg21585409,7,5270512.0,32,0.741,0.685958695652174,2.65344184715469e-06,5.576190425930421,0.1919952952206671
cg21764632,7,5270553.0,73,0.7741562499999999,0.7212043478260868,3.38097565752826e-07,6.470957956072211,0.1809030201708706
cg02667577,7,5270567.0,87,0.5979062500000002,0.5678521739130435,0.00124043908043,2.9064245596326024,0.1812308768323035
cg04153882,7,5270928.0,448,0.80428125,0.7442130434782607,1.23949213587546e-05,4.906756224327162,0.1880878526701835
cg02665297,7,5270984.0,504,0.83321875,0.7227826086956521,1.03094787839562e-10,9.986763290776006,0.2034497102578874
