CHR,MAPINFO,CDReg,IlmnID,pvals,padj
7,5270512,0.1919952952206671,cg21585409,1.05357009594958e-06,2.65344184715469e-06
7,5270553,0.1809030201708706,cg21764632,1.25316171828741e-07,3.38097565752826e-07
7,5270567,0.1812308768323035,cg02667577,0.0006236044000633,0.00124043908043
7,5270928,0.1880878526701835,cg04153882,5.18770453080716e-06,1.23949213587546e-05
7,5270984,0.2034497102578874,cg02665297,2.96224397153333e-11,1.03094787839562e-10
7,5271480,0.1088051809052605,cg26660312,0.0023259822036882,0.0043506330024109
